{
  "main": {
    "id": "dd847149f1d17e39",
    "type": "split",
    "children": [
      {
        "id": "358824e31ab1f064",
        "type": "tabs",
        "children": [
          {
            "id": "ec808cbf242f2410",
            "type": "leaf",
            "state": {
              "type": "markdown",
              "state": {
                "file": "content/index.md",
                "mode": "source",
                "source": false
              },
              "icon": "lucide-file",
              "title": "index"
            }
          }
        ]
      }
    ],
    "direction": "vertical"
  },
  "left": {
    "id": "799e42f660d1bab7",
    "type": "split",
    "children": [
      {
        "id": "ce9b4657c1ae1125",
        "type": "tabs",
        "children": [
          {
            "id": "087c20a77e638f84",
            "type": "leaf",
            "state": {
              "type": "file-explorer",
              "state": {
                "sortOrder": "alphabetical",
                "autoReveal": false
              },
              "icon": "lucide-folder-closed",
              "title": "Explorateur de fichiers"
            }
          },
          {
            "id": "d952556a56ecb953",
            "type": "leaf",
            "state": {
              "type": "search",
              "state": {
                "query": "",
                "matchingCase": false,
                "explainSearch": false,
                "collapseAll": false,
                "extraContext": false,
                "sortOrder": "alphabetical"
              },
              "icon": "lucide-search",
              "title": "Rechercher"
            }
          },
          {
            "id": "ac9b49e2532c880c",
            "type": "leaf",
            "state": {
              "type": "bookmarks",
              "state": {},
              "icon": "lucide-bookmark",
              "title": "Signets"
            }
          }
        ]
      }
    ],
    "direction": "horizontal",
    "width": 300
  },
  "right": {
    "id": "44d5db157e51ea24",
    "type": "split",
    "children": [
      {
        "id": "68b1f329c143914b",
        "type": "tabs",
        "children": [
          {
            "id": "196d29169ec33da6",
            "type": "leaf",
            "state": {
              "type": "backlink",
              "state": {
                "file": "content/index.md",
                "collapseAll": false,
                "extraContext": false,
                "sortOrder": "alphabetical",
                "showSearch": false,
                "searchQuery": "",
                "backlinkCollapsed": false,
                "unlinkedCollapsed": true
              },
              "icon": "links-coming-in",
              "title": "Rétrolien pour index"
            }
          },
          {
            "id": "8abf7192237ea2af",
            "type": "leaf",
            "state": {
              "type": "outgoing-link",
              "state": {
                "file": "content/index.md",
                "linksCollapsed": false,
                "unlinkedCollapsed": true
              },
              "icon": "links-going-out",
              "title": "Liens sortants de index"
            }
          },
          {
            "id": "56b927cd50191d63",
            "type": "leaf",
            "state": {
              "type": "tag",
              "state": {
                "sortOrder": "frequency",
                "useHierarchy": true,
                "showSearch": false,
                "searchQuery": ""
              },
              "icon": "lucide-tags",
              "title": "Mots-clés"
            }
          },
          {
            "id": "9a41eac3f9c65c54",
            "type": "leaf",
            "state": {
              "type": "outline",
              "state": {
                "file": "content/index.md",
                "followCursor": false,
                "showSearch": false,
                "searchQuery": ""
              },
              "icon": "lucide-list",
              "title": "Plan de index"
            }
          }
        ]
      }
    ],
    "direction": "horizontal",
    "width": 300,
    "collapsed": true
  },
  "left-ribbon": {
    "hiddenItems": {
      "switcher:Ouvrir le sélecteur rapide": false,
      "graph:Ouvrir la vue graphique": false,
      "canvas:Créer une nouvelle toile": false,
      "daily-notes:Ouvrir la note quotidienne": false,
      "templates:Insérer le modèle": false,
      "command-palette:Ouvrir la palette de commandes": false,
      "bases:Create new base": false
    }
  },
  "active": "ec808cbf242f2410",
  "lastOpenFiles": [
    "public/_flowershow/theme-button.svg",
    "public/_flowershow/avatarplaceholder.png"
  ]
}